body,title,url
"Desde el año pasado la Conmebol determinó que las finales de la Copa Libertadores y Sudamericana se definirán con una final única, al igual que sucede en las competiciones europeas, y no a ida y vuelta como era tradicionalmente. Esta semana, las asociaciones miembros presentaron a las ciudades postulantes para ser sedes de las finales continentales de los años 2021, 2022 y 2023.","
                        Colombia se postuló para ser sede de las finales continentales de clubes en 2023
                    ",https://www.semana.com/deportes/articulo/colombia-se-postulo-para-ser-sede-de-las-finales-continentales-de-clubes-en-2023/673826
"Según Iván Simonovis, comisionado especial de Seguridad e Inteligencia del Gobierno interino de Juan Guaidó, aseguró que infiltraron uno de los colectivos del chavismo y pudieron seguir la pista del disidente colombiano Jesús Santrich.","
                        Las pruebas de la supuesta presencia de Jesús Santrich en Venezuela
                    ",https://www.semana.com/nacion/articulo/fotos-que-comprobarian-presencia-de-jesus-santrich-en-venezuela/673796
"Camilo Bula, el único condenado por la corrupción en la Dirección Nacional de Estupefacientes (DNE), dijo en una entrevista radial en 2015 que imploraba a los medios de comunicación que no dejaran que la justicia se arrodillara frente a la corrupción de esa institución, y predijo que todos, menos él, quedarían impunes. Esta semana el Tribunal Superior de Cundinamarca declaró inocente a Carlos Albornoz, el exdirector de esa institución. ¿Será casualidad que, en medio de la conmoción generada por la covid-19, los corruptos y sus abogados acumulen tantos éxitos judiciales?",,https://www.semana.com/opinion/articulo/justicia-ciega-carlos-albornoz-declarado-inocente-por-juan-ricardo-ortega/673564
"Un gol del colombiano Jhon Córdoba en el descuento final permitió al Colonia conseguir un empate agónico (2-2) en su derbi ante el Fortuna Düsseldorf, este domingo en el cierre de la 27ª jornada de la Bundesliga.","
                        En video: el gol salvador del colombiano Jhon Córdoba en el último minuto
                    ",https://www.semana.com/deportes/articulo/en-video-el-gol-salvador-del-colombiano-jhon-cordoba-en-el-ultimo-minuto/673738
"""Pensaba que iba a morir. Había ratos que me ahogaba tanto que no reaccionaba"", musita con un hilo de voz Rosa María Fernández, una paciente española de covid-19 que, a sus 71 años, tiene que aprender de nuevo a vivir.","
                        La lucha de mujer de 71 años tras más de un mes en la clínica por coronavirus
                    ",https://www.semana.com/coronavirus/articulo/relato-de-mujer-de-71-anos-que-se-recupero-del-coronavirus/673758
"

window.addEventListener(""message"", function(event) {if(height = event.data[""height""]) {$(""iframe#""+event.data[""id""]).css(""height"", (height + 50) + ""px"")}});

","
                        Minuto a minuto: van más de 344.000 muertos en el mundo por coronavirus
                    ",https://www.semana.com/mundo/articulo/minuto-a-minuto-van-mas-de-344000-muertos-en-el-mundo-por-coronavirus/653650
Luis Carlos Vélez: ¿Alguna vez la Fiscalía había hecho un trabajo como el de las investigaciones por coronavirus? ,"
                        “Vamos a lograr condenas de personas elegidas popularmente seis meses después de llegar a los cargos”
                    ",https://www.semana.com/nacion/articulo/francisco-barbosa-habla-con-luis-carlos-velez-sobre-corrupcion/673568
"Un video en el que Fabio Zuleta, locutor de la emisora emisora 1050 AM en Valledupar, naturaliza la explotación sexual de mujeres indígenas wayúu, no deja de causar revuelo en el país.","
                        ""Tenemos valor, no precio"": continúa indignación por entrevista de Fabio Zuleta
                    ",https://www.semana.com/nacion/articulo/respuestas-a-fabio-zuleta-por-acordar-explotacion-sexual-en-programa-de-radio/673798
"Un terremoto de magnitud 5,6 sacudió la Isla Norte de Nueva Zelanda este lunes por la mañana, pero no logró que la primera ministra, Jacinda Ardern, perdiera la compostura durante una entrevista en directo por televisión.","
                        La reacción de primera ministra de Nueva Zelanda en terremoto durante entrevista
                    ",https://www.semana.com/mundo/articulo/video-de-primera-ministra-de-nueva-zelanda-en-entrevista-durante-terremoto/673763
"Luego de que la Fiscalía confirmara este fin de semana que encontró elementos suficientes para imputar a la exrectora de la Universidad Autónoma del Caribe Silvia Gette Ponce como presunta responsable del homicidio del arquitecto y ganadero Fernando Cepeda Vargas, se conocieron las pruebas del ente acusador en el caso.","
                        Las pruebas de la Fiscalía contra Silvia Gette por homicidio de ganadero
                    ",https://www.semana.com/nacion/articulo/resumen-del-caso-de-silvia-gette-por-homicidio-de-fernando-cepeda/673750
"Un estudio científico publicado este domingo relaciona al partido de vuelta de los octavos de final de la Champions League entre Liverpool y Atlético de Madrid con un contagio considerable. El juego tuvo lugar en marzo ante 52.000 hinchas, pese a la amenaza del coronavirus, y se supo hoy que “podría estar relacionado con la muerte de 41 personas”.","
                        Partido de Champions Liverpool-Atlético generó decenas de muertes
                    ",https://www.semana.com/deportes/articulo/estudio-relaciona-el-liverpool-atletico-con-41-muertes-por-coronavirus/673737
"No más deporte en solitario. Piscinas, gimnasios y clubes de fitness volvieron abrir este lunes en varios países, entre ellos Italia, Alemania y España, un paso más del desconfinamiento de Europa.","
                        Abren piscinas y gimnasios de media Europa en pleno desconfinamiento
                    ",https://www.semana.com/mundo/articulo/coronavirus-en-el-mundo-abren-piscinas-y-gimnasios-de-media-europa/673803
"El gobierno español muestra de nuevo su solidaridad con los fenómenos sociales que ocurren en América Latina. Movilizó recursos bilaterales y multinacionales para apoyar los esfuerzos de los Gobiernos regionales a fin de enfrentar la crisis migratoria en el contexto de una situación agravada por la pandemia. SEMANA habló sobre el tema con Arancha González Laya, ministra de Asuntos Exteriores del Gobierno español.","
                        El apoyo a países receptores de migrantes es clave en la crisis de la covid-19
                    ",https://www.semana.com/nacion/articulo/coronavirus-planes-de-paises-donantes-para-ayudar-a-los-migrantes-venezolanos/673486
"Tras la indignación y rechazo que generó un video del periodista Fabio Zuleta, de la emisora 1050 AM en Valledupar, donde habla abiertamente sobre comercio de mujeres indígenas, el presidente Iván Duque mostró su rechazo y pidió “todo el peso de la ley” para estos casos.","
                        “Todo el peso de la ley” caerá a quienes promuevan tráfico de personas: Duque
                    ",https://www.semana.com/nacion/articulo/rechazo-del-presidente-ivan-duque-por-video-de-fabio-zuleta/673817
"Cinco minutos. Cinco minutos justos, precisos. Cinco minutos cronometrados. Eso fue lo que tardó Julián, un madrileño de 37 años, en convertirse en pobre.","
                        Las colas de hambre por la crisis del coronavirus inundan Madrid
                    ",https://www.semana.com/mundo/articulo/coronavirus-en-espana-madrid-inundado-por-colas-de-hambre/673769
"Quizás la mayor preocupación que hoy vive el Cauca es que se normalice la barbarie. Desde hace un poco más de dos años, en las áreas rurales de esa región los pobladores viven al límite de ser alcanzados por una bala de fusil. Hay miedo, dolor, zozobra, grupos armados con mentalidad de mafiosos mexicanos, masacres, pero todo sigue como si nada: la violencia parece sentirse cómoda en este lugar.","
                        Cauca grita con dolor: radiografía de la violencia en esa región
                    ",https://www.semana.com/nacion/articulo/violencia-en-el-cauca-radiografia-de-la-lucha-armada-en-esa-region/673451
"Tras dos meses de la cuarentena en todo el país, el Gobierno nacional entregó este lunes un balance de las medidas adoptadas en las últimas semanas y su impacto en temas como la educación, la economía de los hogares y la seguridad.","
                        Colombia registra la tasa de homicidios más baja en 46 años
                    ",https://www.semana.com/nacion/articulo/cifras-de-seguridad-y-orden-publico-durante-cuarentena-en-colombia/673816
En redes sociales circula un video que ha despertado gran indignación. Se trata de una entrevista que le hace el periodista Fabio Zuleta (de la emisora 1050 AM en Valledupar) a un indígena. En esta hablan abiertamente del comercio de mujeres indígenas.,"
                        Indignación por periodista que manifiesta su deseo de comprar una indígena wayúu
                    ",https://www.semana.com/nacion/articulo/indignacion-por-periodista-que-manifiesta-su-deseo-de-comprar-una-indigena-wayuu/673743
"Estados Unidos corre hacia el abismo sin un plan federal para enfrentar la pandemia de coronavirus, retirando financiación a la salud pública mientras ignora el inexorable avance del calentamiento climático, dijo a la AFP el filósofo estadounidense Noam Chomsky, considerado el fundador de la lingüística moderna.","
                        ""EE. UU. corre hacia el precipicio"": Noam Chomsky
                    ",https://www.semana.com/gente/articulo/entrevista-al-filosofo-noam-chomsky-sobre-la-situacion-de-estados-unidos/673760
"""Estamos muy felices de tener por fin a nuestro propio hijo. Estamos totalmente enamorados"". Julia y Peter, un matrimonio alemán, hablan con regocijo de su hijita nacida a principios de mayo. Durante años soñaron con tener su propia descendencia, pero todos sus intentos fallaron. La pareja vive ahora en un complejo de viviendas en un triste barrio de las afueras de Kiev, la capital de Ucrania. La clínica privada BioTexCom llama ""hotel"" al lugar donde se alojan.","
                        Los bebés de vientres de alquiler que siguen esperando a sus padres en Ucrania
                    ",https://www.semana.com/mundo/articulo/coronavirus-padres-no-conocen-aun--sus-hijos-de-vientres-de-alquiler-en-ucrania/673792
"La llegada del coronavirus al mundo trajo la preocupación a los laboratorios y médicos de encontrar una nueva vacuna que contrarreste los síntomas del virus y disminuya los fallecimientos de las personas a causa de la pandemia, pero la búsqueda de una solución a esta problema interrumpió la prestación de servicios sistemáticos de inmunización.","
                        80 millones de niños no han sido vacunados por culpa del coronavirus
                    ",https://www.semana.com/mundo/articulo/coronavirus-80-millones-de-ninos-menores-de-un-ano-no-han-sido-vacunados/673731
"Todas las guerras del mundo prosiguen su marcha, desde las varias que se reproducen en el Oriente Medio hasta la guerrita perpetua del ELN en Colombia. Se acabó su cese el fuego de un mes, que no había sido respondido por el Gobierno de Iván Duque, aun más empeñado que los guerrilleros en perpetuar la violencia. Y las disidencias de las desmovilizadas Farc, y los renovados paramilitares, los llamados grupos armados organizados (GAO), también siguen actuando.",,https://www.semana.com/opinion/articulo/igual-o-peor-asi-seremos-despues-de-pandemia-por-covid-19-antonio-caballero/673328
"La difícil coyuntura que ha causado la pandemia del covid-19 en todo el mundo, no solo ha puesto en problemas a los sistemas de salud, sino que ha sido todo un desafío para las empresas. Adaptarse rápidamente a las ventajas que ofrecen las herramientas virtuales mientras cuidan de la salud de los colaboradores han sido las grandes preocupaciones de muchas organizaciones, e Inter Rapidísimo, la empresa colombiana que hace parte de una industria que ha sido fundamental para afrontar la crisis, no es la excepción.","
                        Nuestro reto es seguir uniendo a Colombia
                    ",https://www.semana.com/hablan-las-marcas/articulo/nuestro-reto-es-seguir-uniendo-a-colombia/669805
"El presidente de Estados Unidos, Donald Trump, prohibió este domingo (24.05.2020) la entrada al país de extranjeros que hayan estado en Brasil, convertido en las últimas semanas en uno de los epicentros de la pandemia del coronavirus, informó la Casa Blanca.","
                        Trump prohíbe ingreso de extranjeros procedentes de Brasil
                    ",https://www.semana.com/mundo/articulo/donald-trump-prohibe-ingreso-de-extranjeros-procedentes-de-brasil/673771
"Liderazgo, empoderamiento, proyectos comunitarios y reconciliación. Esto ha representado para 340 mujeres excombatientes y habitantes de 10 municipios de Colombia la estrategia ‘Acciones comunitarias con enfoque de género y derechos de las mujeres’, de la Agencia para la Reincorporación y la Normalización (ARN) y el British Council. Esta también es la esencia de la iniciativa #SoyMujerSomosCambio, que les da voz a las mujeres colombianas.","
                        #SoyMujerSomosCambio: voces que transforman territorios
                    ",https://www.semana.com/hablan-las-marcas/articulo/soymujersomoscambio-voces-que-transforman-territorios/670936
Por Cristina Castro* ,"
                        “Nuestros clientes tienen más de 60 años. Ellos nos salvaron”: Yanuba
                    ",https://www.semana.com/nacion/articulo/el-exito-del-restaurante-yanuba-domicilios-durante-pandemia-por-coronavirus/671031
"La Organización Mundial de la Salud (OMS) anunció este lunes la suspensión ""temporal"" de los ensayos clínicos con hidroxicloroquina que realizaba en varios países, como medida de precaución.","
                        OMS prohíbe ensayos con medicamento recomendado por Trump y Bolsonaro
                    ",https://www.semana.com/mundo/articulo/cloriquina-oms-prohibe-ensayos-con-medicamento-apoyado-por-trump-y-bolsonaro/673807
SEMANA: La decisión del presidente Iván Duque ha sido ir reactivando poco a poco el país y una de sus principales apuestas está en los municipios no covid-19. ¿Cuántos son a la fecha y cuál es la tarea que se realiza con las autoridades en dichas poblaciones?,"
                        “No me enredo con las burlas y críticas mal intencionadas”:  Alicia Arango
                    ",https://www.semana.com/nacion/articulo/entrevista-con-alicia-arango-medidas-contra-coronavirus-cadena-perpetua-y-mas/673456
"Recientemente, la calificadora de riesgo internacional Fitch Ratings rebajó sus proyecciones de crecimiento de la economía colombiana para 2020 y ahora espera una contracción del 4,5%, cuando antes proyectaba una caída del 2%.","
                        Fitch: economía colombiana puede caer 10% en segundo trimestre
                    ",https://www.dinero.com/economia/articulo/economia-colombiana-en-segundo-trimestre-de-2020-segun-fitch/286561
"“Vamos donde Harry”. Hasta hace apenas unas semanas, empresarios, diplomáticos y congresistas decían esa frase a la hora de cuadrar un almuerzo o una cena en Bogotá. El restaurante Harry Sasson era uno de los sitios más concurridos y apetecidos del poder. Pero su sede, esa emblemática casa, ubicada en la carrera novena con 75, ahora luce con una soledad que duele.","
                        La tragedia de los manteles
                    ",https://www.semana.com/nacion/articulo/restaurantes-los-negocios-mas-afectados-por-crisis-economica-por-coronavirus/673452
"Un estudio hecho en Singapur podría dar datos claves con respecto al coronavirus y su transmisión. De acuerdo a una investigación hecha por el Centro Nacional de Enfermedades Infecciosas de este país, los pacientes infectados con coronavirus dejarían de ser contagiosos después de once días de infectarse de la enfermedad.","
                        Covid-19: estudio dice que infectados ya no son contagiosos después de 11 días
                    ",https://www.semana.com/mundo/articulo/covid-19-estudio-dice-que-infectados-ya-no-son-contagiosos-despues-de-11-dias/673827
"Han pasado 25 años desde que Carlos Vives lanzó La tierra del olvido, un álbum que le marcó una nueva hoja de ruta a la música popular colombiana. De la mano de Iván Benavides, Teto Ocampo, Richard Blair y otros músicos de primer nivel, Vives le dijo al mundo que él era mucho más que un cantante de vallenatos con guitarra eléctrica, que sus raíces musicales eran muy diversas, y desde entonces se ha empeñado en establecer esas conexiones.","
                        Cumbiana, regresar con Carlos Vives a la tierra del olvido
                    ",https://www.semana.com/cultura/articulo/cumbiana-la-nueva-produccion-de-carlos-vives/673295
"Esta semana, los directivos del fútbol colombiano sumaron un aliado en la persona de Álvaro Uribe. El senador sostuvo una reunión virtual en la que se plantearon posibles salidas para la crisis que pasa este deporte por cuenta de las medidas de aislamiento.","
                        “No se trata de presiones”: respuesta de Duque a Uribe y dirigentes del fútbol
                    ",https://www.semana.com/deportes/articulo/no-se-trata-de-presiones-respuesta-de-duque-a-uribe-y-dirigentes-del-futbol/673751
"En siete años, el exministro Andrés Felipe Arias acudió a todos los recursos posibles para tumbar la sentencia que lo condenó a 17 años de cárcel y 30.000 millones de pesos de multa. Se trata de una de las penas más altas por corrupción que se hayan impuesto en Colombia. Al exministro lo encontraron culpable de una modalidad de contratación técnicamente irregular, pero aceptada hasta ese momento.","
                        Arias gana un round
                    ",https://www.semana.com/nacion/articulo/caso-andres-felipe-arias-en-la-corte-otros-aforados-pediran-lo-mismo/673552
"Los primeros astronautas que viajen al espacio enviados por la empresa SpaceX abrirán nuevos caminos también desde el estilo, con trajes espaciales modernos, automóviles Tesla con puertas de alas de gaviota y una elegante nave espacial, todo eso de color blanco con adornos negros.","
                        SpaceX y la elegancia de los nuevos viajes espaciales
                    ",https://www.semana.com/vida-moderna/articulo/los-trajes-espaciales-de-las-misiones-de-spacex-y-la-nasa/673757
"El miércoles 20 de mayo, el procurador general, Fernando Carrillo, tomó una de las medidas más fuertes desde que dirige el Ministerio Público: anunció el llamado a juicio disciplinario a 13 militares por el caso de espionaje masivo.","
                        El juicio de las carpetas
                    ",https://www.semana.com/nacion/articulo/espionaje-del-ejercito-detalles-del-proceso-de-la-procuraduria-contra-militares/673485
"Este lunes, los pobladores del Cauca amenecieron con zozobra, miedo y angustia. No salen de su casa ni a recibir el sol. El domingo en la noche un poco más de cien disidentes de la columna Jaime Martínez recorrieron en moto el municipio de Morales, centro del Cauca, para entregar puerta a puerta panfletos amenazantes contra la comunidad.","
                        Puerta a puerta, disidentes entregan panfletos amenazantes en Cauca
                    ",https://www.semana.com/nacion/articulo/violencia-en-el-cauca-disidentes-amenazan-a-pobladores-de-cauca/673783
"“El ELN y la ex-Farc están en Venezuela”, así lo denuncia el comisionado especial de Seguridad e Inteligencia del gobierno interino de Juan Guaidó, Iván Simonovis, quien este lunes reveló en medios de comunicación del vecino país una serie de fotos y videos que demostrarían que Seuxis Pausias Hernández, alias Jesús Santrich, vive en Caracas. ¿Cómo obtuvo las imágenes?","
                        ¿De dónde salieron las supuestas fotografías de Santrich en Caracas?
                    ",https://www.semana.com/nacion/articulo/con-fotografias-denuncian-que-jesus-santrich-esta-viviendo-en-caracas/673810
"Después de casi un mes fuera del país, Gustavo Petro ya está de regreso en Colombia. En redes sociales se difundió una foto del senador en su vuelo para retornar desde Cuba.","
                        Gustavo Petro ya regresó a Colombia desde Cuba
                    ",https://www.semana.com/nacion/articulo/gustavo-petro-ya-regreso-a-colombia-desde-cuba/673814
"En el transcurso de la semana, en Twitter se hizo tendencia #ALaNachoNoSeEntraConIcfes, debido a los anuncios que hizo la Universidad Nacional en materia de admisiones, ya que no pudo aplicar la tradicional prueba debido a la crisis sanitaria por nuevo coronavirus, a la cual se presentan miles y miles de jóvenes, pero solo unos pocos obtienen un cupo cada semestre.","
                        ""Icfes no reemplazará el examen de la Nacional"": director de Admisiones
                    ",https://www.semana.com/educacion/articulo/icfes-no-reemplazara-el-examen-de-la-nacional-director-de-admisiones/673813
"Lavarse las manos se está convirtiendo en este Gobierno más que en una medida de prevención sanitaria. Duque, el presidente que no gobierna, se las lava pero como Pilatos; es decir, se las lava no por el temor al coronavirus, sino para rehuir la responsabilidad que le cabe en todos los escándalos que cada semana le estallan en sus narices.",,https://www.semana.com/opinion/articulo/los-elefantes-de-palacio-dineros-ilicitos-en-campana-duque-maria-jimena-duzan/673567
"La luna de miel entre el presidente Iván Duque y el expresidente Andrés Pastrana terminó. Así lo demuestra cada una de las ráfagas tuiteras de Pastrana, quien mandó la diplomacia al carajo y ya no puede ocultar su inconformismo. Poco a poco se ha ido convirtiendo en un crítico agudo del Gobierno en temas clave. Palacio parece ignorarlo intencionalmente. Mientras, la alianza política Duque-Pastrana está hecha pedazos. Cada día el exmandatario se llena de más y más motivos que le pesan evidentemente. ",,https://www.semana.com/opinion/articulo/pastrana-inconforme-con-decisiones-del-gobierno-ivan-duque-vicky-davila/673565
"Proclaman a los cuatro vientos que son los guardianes de la reconciliación nacional, que el perdón es su dios supremo y, sin embargo, a la mínima trampita pelan el cobre. Imposible hallar mayor incoherencia.",,https://www.semana.com/opinion/articulo/los-tales-amigos-de-la-paz-a-proposito-del-hijo-de-jorge-40-por-salud-hernandez/673487
Sabían que se venía una nueva enfermedad: una desconocida infección respiratoria que había aparecido por primer vez en China a finales del año pasado. Pero los casos que fueron llegando tomaron incluso a los especialistas más experimentados de las UCI por sorpresa.,"
                        ¿Cómo en pocas semanas cambió radicalmente lo que sabemos del coronavirus?
                    ",https://www.semana.com/mundo/articulo/coronavirus-como-en-pocas-semanas-cambio-radicalmente-lo-que-sabemos-del-virus/673768
"En este momento, las instituciones de salud enfrentan un desafío sin precedentes que nos recuerda la importancia de trabajar juntos. Por eso, UnitedHealth Group a través de sus empresas en Colombia (Colmédica, la Clínicas del Country y Clínica La Colina) realizó una donación de cerca de 2.000 millones de pesos, para apoyar a los hospitales públicos de la ciudad. Como parte activa del sector, conocemos en profundidad las necesidades para la atención de la población. Por lo que nuestros esfuerzos van dirigidos a apoyar la árdua labor de los profesionales de la salud en los hospitales públicos de Bogotá. También reconocemos la importancia de mantenernos sanos y seguros, para así atender la emergencia.","
                        ¡Unidos con nuestros colegas de Bogotá!
                    ",https://www.semana.com/hablan-las-marcas/articulo/unidos-con-nuestros-colegas-de-bogota/670724
"Se ha producido una alentadora noticia sobre el coronavirus. La OMS señaló que una segunda ola de la covid-19 parece cada vez más improbable, aunque hacen un llamado a la prudencia teniendo en cuenta que esto es lo que indican los modelos, pero que aún no se ha comprobado debido a que el comportamiento del virus es cambiante.","
                        OMS sobre segunda ola de coronavirus: “Cada vez se va descartando más”
                    ",https://www.semana.com/mundo/articulo/oms-sobre-segunda-ola-de-coronavirus-cada-vez-se-va-descartando-mas/673811
"Tras la emergencia sanitaria que ha significado la pandemia del covid-19, el gran desafío para los países ha sido tomar las medidas necesarias para proteger a la población, mientras procuran el menor impacto posible en la economía. A pesar de los esfuerzos, y teniendo en cuenta que la principal recomendación para disminuir la propagación del virus es la cuarentena, es muy probable que muchos hábitos de consumo se transformen.","
                        Las oportunidades de transformación tras la pandemia
                    ",https://www.semana.com/hablan-las-marcas/articulo/las-oportunidades-de-transformacion-tras-la-pandemia/672645
"El lunes el mundo llegó a niveles de optimismo no registrados en los últimos cuatro meses. El entusiasmo vino por cuenta de la compañía Moderna, uno de los competidores en la carrera por crear una vacuna contra la covid-19, la enfermedad causada por el nuevo coronavirus. Según el reporte, la vacuna de esta compañía es segura y logró estimular el sistema inmune del grupo de voluntarios que participan en esta primera fase de estudios clínicos.","
                        ¿Vacuna a la vista?: así avanza la carrera por la cura de la covid en el mundo
                    ",https://www.semana.com/vida-moderna/articulo/vacuna-del-coronavirus-optimismo-por-resultados-de-la-compania-moderna/673294
"Este lunes, el Ministerio de Salud reportó 806 casos nuevos de coronavirus, con lo que se llegó a un total de 21.981 infectados en el país.","
                        Coronavirus en Colombia: casi 22.000 casos reportados en total
                    ",https://www.semana.com/vida-moderna/articulo/coronavirus-en-colombia-25-de-mayo-806-nuevos-casos-y-23-fallecidos/673812
"Hoy en día, las aseguradoras están activando líneas telefónicas, chatbots, consultas de vídeo a escala masiva. Recuerdan a los clientes que pueden notificar los daños a distancia, extender el contrato y enviar documentos en forma electrónica. Están aplicando urgentemente procedimientos simplificados para la conclusión de contratos de seguros. Las formaciones se organizan en línea mediante seminarios web. ","
                        Negocios en tiempos de digitalización forzada: Camino sin retorno
                    ",https://www.semana.com/hablan-las-marcas/articulo/negocios-en-tiempos-de-digitalizacion-forzada-camino-sin-retorno/672150
"El primer ministro japonés Shinzo Abe anunció este lunes el levantamiento del estado de emergencia por la epidemia de covid-19 en las últimas regiones del archipiélago en que seguía vigente, incluida Tokio, pero insistiendo en mantener la cautela.","
                        Japón levantó el estado de emergencia por disminución de casos de coronavirus
                    ",https://www.semana.com/mundo/articulo/coronavirus-japon-levanto-el-estado-de-emergencia-tras-disminucion-de-casos/673784
"Nunca en la historia los pronósticos sobre la economía habían cambiado tanto, tan rápido y tan mal. Cuando llegó la pandemia, las multilaterales y los analistas anticipaban una caída grande y transitoria de la economía mundial, pero con posibilidades de una recuperación relativamente rápida para 2021. Lo que los economistas llaman recuperación en forma de V. Hoy casi todos hablan de la peor depresión desde la gran crisis mundial de 1929 y de una recuperación más lenta, en forma de U. Las consecuencias sociales de este cambio de letras son impredecibles.","
                        ¡La cosa está dura en la economía!
                    ",https://www.semana.com/nacion/articulo/coronavirus-en-colombia-los-graves-problemas-que-enfrenta-la-economia/673566
"Una de las medidas para frenar el incremento de contagios en Estados Unidos y en el mundo ha sido el cierre de los restaurantes, para evitar las aglomeraciones de personas y la exposición a contagiarse o a transmitir el coronavirus.","
                        Ratas agresivas: otra consecuencia del coronavirus en Nueva York
                    ",https://www.semana.com/mundo/articulo/coronavirus-en-el-mundo-ratas-agresivas-buscan-comida-en-nueva-york/673789
"Sin opciones de una salida inmediata y en medio de la crisis que aún enfrenta el mundo por culpa del coronavirus, cerca de 200 colombianos decidieron trasladarse a las instalaciones del aeropuerto internacional de São Paulo pidiendo ayudas para salir del país lo antes posible y regresar a Colombia.","
                        Cientos de colombianos acampan en aeropuerto de Brasil esperando volver al país 
                    ",https://www.semana.com/mundo/articulo/coronavirus-colombianos-acampan-en-aeropuerto-de-brasil-esperando-ayuda/673764
"El restaurante La Provincia fue pionero en alta cocina en Medellín. Nació hace veintisiete años, cuando los coletazos de la guerra del narcotráfico aún sacudían a la ciudad. Empezar un restaurante en esa época era una tarea de fe, pues pocas personas se animaban a meterse en lugares cerrados donde podrían estallar vendettas y bombas. Sin embargo, dice su dueña María Adelaida Moreno, nada se compara a esta crisis que ha traído el coronavirus, nada se compara a ver su refugio cerrado.","
                        “Tener el restaurante cerrado es aniquilante”: dueña de La Provincia
                    ",https://www.semana.com/nacion/articulo/coronavirus-la-crisis-del-restaurante-paisa-la-provincia-en-medellin/671269
Dayro Moreno protagoniza otro escándalo en Argentina. El futbolista colombiano estuvo implicado en un accidente vial en el que su camioneta chocó a una joven de 24 años en la ciudad de Córdoba.,"
                        ¿Violó el aislamiento? Camioneta de Dayro Moreno chocó una moto en Argentina
                    ",https://www.semana.com/deportes/articulo/violo-el-aislamiento-camioneta-de-dayro-moreno-choco-una-moto-en-argentina/673804
Miles de manifestantes salieron a las calles de Hong Kong este domingo para protestar contra un plan de Beijing para imponer una nueva ley de seguridad nacional en el territorio chino semiautónomo.,"
                        Se reactivan protestas contra China en la Hong Kong poscoronavirus
                    ",https://www.semana.com/mundo/articulo/nueva-jornada-de-protestas-en-hong-kong-tras-coronavirus/673753
"Debido a la alta demanda de tapabocas médicos por la pandemia del coronavirus, han surgido diferentes alternativas para reemplazar estos implementos en el mundo. Entre ellos están caretas, bufandas y pañuelos, entre otros productos ingeniosos. Pero uno de los más usados es el tapabocas de tela. ","
                        Todo lo que debe saber sobre los tapabocas de tela 
                    ",https://www.semana.com/vida-moderna/articulo/coronavirus-tapabocas-de-tela-funcionan-pero-no-todos/673692
"En varias ciudades de Estados Unidos se vio algo impensado hace dos meses, cuando se iniciaron las medidas de aislamiento del coronavirus. Las playas y otros sitios turísticos estuvieron colmados de personas que aprovecharon el fin de semana feriado para salir de sus hogares. Esto después de que se relajaran las medidas de confinamiento en algunos estados.","
                        Estadounidenses abarrotan playas y parques incumpliendo distanciamiento
                    ",https://www.semana.com/mundo/articulo/estadounidenses-abarrotan-playas-y-parques-incumpliendo-distanciamiento/673755
Expertos de la Sociedad Española de Sanidad Ambiental y la Sociedad Española de Salud Pública y Administración Sanitaria analizaron qué posibilidades hay de que la covid-19 se reproduzca en los sistemas de aire acondicionado.,"
                        ¿Coronavirus se reproduce en el aire acondicionado? Esto respondieron expertos
                    ",https://www.semana.com/vida-moderna/articulo/el-coronavirus-se-puede-reproducir-y-extender-en-el-aire-acondicionado/673788
"Algo que ha caracterizado a Amarilo, una de las constructoras más grandes del país, es su interés por el desarrollo de proyectos de vivienda que no se limitan a la innovación de los espacios donde vivirán las familias sino su constante obsesión por impactar urbanísticamente al sector intervenido. Esto es, que sus propuestas arquitectónicas están pensadas para el futuro, de tal manera que las personas tengan al alcance de su mano servicios vitales y comerciales, además de ofertas de entretenimiento para vivir momentos inolvidables junto a su familia. Cantabria no es la excepción.","
                        Una ubicación ideal para vivir en Bogotá
                    ",https://www.semana.com/hablan-las-marcas/articulo/una-ubicacion-ideal-para-vivir-en-bogota/672441
"El aeropuerto internacional de Carrasco cambió aviones por películas; a falta de vuelos debido a las restricciones por la pandemia de coronavirus, el estacionamiento de la terminal se convirtió este fin de semana en uno de los primeros autocines de Uruguay.","
                        A falta de vuelos, aeropuerto de Montevideo se convirtió en autocine
                    ",https://www.semana.com/mundo/articulo/autocine-en-aeropuerto-de-montevideo-uruguay/673710
"Desayunar en El Tony después de una noche de rumba es toda una tradición en Bucaramanga. La pandemia obligó a este restaurante de comida típica santandereana a cerrar sus puertas al público, después de décadas de mantenerlas abiertas las 24 horas, los 365 días de la semana, tal como lo ideó en 1965 Jesús Plata Flórez, su fundador. SEMANA habló con Carlos Contreras, la tercera generación a cargo del restaurante, quien contó cómo están sorteando la situación.","
                        ""En 50 años, El Tony nunca había cerrado, abría las 24 horas""
                    ",https://www.semana.com/economia/articulo/restaurante-el-tony-en-medio-de-la-crisis-por-el-coronavirus-en-bucaramanga/671162
"En el informe del Ministerio de Salud de este domingo 24 de mayo se informaron 998 casos nuevos de coronavirus, con lo que se llega a un total de 21.175. El día anterior se habían reportado más de mil casos por primera vez y este domingo casi se repite la cifra.","
                        Coronavirus en Colombia: casi mil casos nuevos por segundo día consecutivo
                    ",https://www.semana.com/vida-moderna/articulo/coronavirus-en-colombia-24-de-mayo-998-casos-y-22-muertes-nuevas/673744
"Una de las consecuencias de la pandemia ha sido la suspensión de las ligas de fútbol en todo el mundo, y Colombia no ha sido la excepción. Si bien alrededor del mundo muchas competencias ya han anunciado su regreso, en el país esto es incierto y parece lejano, teniendo en cuenta que el Gobierno quiere asegurarse de que se haga con condiciones seguras para los implicados.","
                        Portazo de MinDeporte a Dimayor: no se reunirán más con ellos
                    ",https://www.semana.com/deportes/articulo/portazo-de-mindeporte-a-dimayor-no-se-reuniran-mas-con-ellos/673805
"La alcaldesa Claudia López aseguró que 350.000 familias de la capital del país entrarán a su plan de reactivación social y económica, el cual se centra en entregar un ingreso básico garantizado para aquellas que están en riesgo de caer en pobreza o sus ingresos corren peligro en los próximos 3 años.","
                        Claudia López anuncia apoyo económico a 350 mil familias de Bogotá
                    ",https://www.semana.com/nacion/articulo/claudia-lopez-anuncio-apoyo-economico-garantizado-a-350-mil-familias-bogotanas/673776
Durante el balance que hizo el presidente Iván Duque sobre la pandemia del coronavirus en Colombia se anunciaron nuevas medidas en torno a la reapertura de centros comerciales.,"
                        Centros comerciales en Colombia volverán a operar bajo ciertas restricciones
                    ",https://www.semana.com/economia/articulo/centros-comerciales-reabriran-sus-puertas-con-restricciones-por-coronavirus/673785
"Si bien el confinamiento para frenar la pandemia de covid-19 redujo muchos de los delitos que se cometen en las calles de las ciudades, disparó los pedidos de auxilio de víctimas de violencia doméstica, obligadas a convivir con su agresor. Desde la ONU hasta el papa Francisco han reclamado atender el drama de las mujeres en medio de medidas excepcionales como la restricción de circulación, la economía paralizada y las limitaciones para acceder a la justicia.","
                        Violencia contra mujeres en cuarentena: capturados 15 hombres en Bogotá
                    ",https://www.semana.com/nacion/articulo/violencia-contra-mujeres-en-cuarentena-capturados-15-hombres-en-bogota/673809
"Rodrigo Tovar Pupo, alias Jorge 40, no es un ilegal paramilitar. Tampoco es un narcotraficante confeso. Son acusaciones sin fundamento hechas por autoridades colombianas y estadounidenses. Lo dice su hijo Jorge Rodrigo Tovar, hoy recién designado director del equipo de víctimas del Ministerio del Interior. En tuit de julio de 2017, dijo: “Mi papá, prisionero político en Estados Unidos, lleva 9 años preso en ese país y no le han mostrado una sola prueba en su contra”. ",,https://www.semana.com/opinion/articulo/la-incomoda-verdad-de-jorge-40-por-alfonso-cuellar/673504
"En una entrevista en Noticias RCN, el fiscal General de la Nación, Francisco Barbosa, señaló que en una de las grabaciones correspondientes a la llamada ‘Ñeñepolítica’, José Guillermo Hernández se refiere a una supuesta financiación a la campaña presidencial de Gustavo Petro en La Guajira.","
                        Fiscal Barbosa revela que Gustavo Petro será investigado por la 'ñeñepolítica'
                    ",https://www.semana.com/nacion/articulo/fiscal-barbosa-dice-que-gustavo-petro-sera-investigado-por-la-nenepolitica/673822
"La Secretaría Distrital de Movilidad de Bogotá informó que desde este lunes (festivo) 25 de mayo se reactivan las cámaras salvavidas, las cuales cuentan con aprobación del Ministerio de Transporte para imponer los comparendos a quienes excedan los límites de velocidad.","
                        Desde este lunes se reactivan comparendos por exceder 50 km/h en Bogotá
                    ",https://www.semana.com/nacion/articulo/comparendos-en-bogota-por-exceso-de-velocidad/673782
"El presidente de Venezuela, Nicolás Maduro, celebró este domingo la llegada a aguas del país del primero de cinco buques enviados por Irán con combustible, advirtiendo que no se va a ""arrodillar"" ante Estados Unidos, que rechaza los vínculos entre Caracas y Teherán.","
                        Venezuela no se arrodillará ante EE. UU.:  Maduro tras llegada de buque iraní
                    ",https://www.semana.com/mundo/articulo/comienzan-a-llegar-a-venezuela-cinco-barcos-enviados-por-iran/673767
"El presidente de la República, Iván Duque Márquez, y la ministra de Educación, María Victoria Angulo, explicaron la forma en que comenzará el regreso a clases presenciales de estudiantes de colegios y universidades en agosto, a la vez que hicieron algunas precisiones sobre el calendario escolar.","
                        ""No es cierto que se vayan a unir calendarios A y B"": MinEducación
                    ",https://www.semana.com/educacion/articulo/ministra-desmiente-que-se-vayan-a-unir-los-calendarios-a-y-b-por-la-pandemia/673694
